Picture_ID,Actual_Wall_Volume_cuft,Predicted_Wall_Volume_cuft,Abs_Error_cuft,Brick_Ratio,Plaster_In_Ratio,Plaster_Out_Ratio,RCC_Ratio,Brick_Volume_cuft,Cement_Volume_cuft_Brickwork,Sand_Volume_cuft_Brickwork,Cement_Bags_Brickwork,Cement_Volume_cuft_Plaster_In,Sand_Volume_cuft_Plaster_In,Cement_Bags_Plaster_In,Cement_Volume_cuft_Plaster_Out,Sand_Volume_cuft_Plaster_Out,Cement_Bags_Plaster_Out,Cement_Volume_cuft_RCC,Sand_Volume_cuft_RCC,Aggregate_Volume_cuft_RCC,Cement_Bags_RCC,Total_Cement_Volume_cuft,Total_Sand_Volume_cuft,Total_Cement_Bags
114001.jpg,578.25,514.8720493761425,63.37795062385749,1:6,1:6,1:6,1:1:2,386.154,24.456,146.739,19.56,5.439,32.635,4.35,8.152,48.913,6.52,8.56,8.56,17.119,6.85,46.607,236.847,37.29
114002.jpg,669.0,637.2714888821399,31.72851111786008,1:3,1:3,1:6,1:2:4,477.954,52.973,158.92,42.38,11.781,35.344,9.42,10.09,60.541,8.07,6.054,12.108,24.216,4.84,80.898,266.913,64.72
114003.jpg,699.0,671.5386754256754,27.461324574324635,1:4,1:6,1:4,1:1:2,503.654,44.657,178.629,35.73,7.094,42.565,5.68,14.886,59.543,11.91,11.164,11.164,22.329,8.93,77.801,291.901,62.24
114004.jpg,591.0,589.7841414449576,1.2158585550423595,1:3,1:5,1:6,1:1:2,442.338,49.026,147.077,39.22,7.269,36.344,5.82,9.338,56.029,7.47,9.805,9.805,19.61,7.84,75.438,249.255,60.35
114005.jpg,699.0,664.7129318275835,34.287068172416525,1:6,1:3,1:4,1:1:2,498.535,31.574,189.443,25.26,12.289,36.866,9.83,14.734,58.938,11.79,11.051,11.051,22.102,8.84,69.648,296.298,55.72
114006.jpg,683.25,634.0698842358366,49.18011576416336,1:4,1:4,1:4,1:1.5:3,475.552,42.166,168.663,33.73,9.378,37.511,7.5,14.055,56.221,11.24,7.666,11.5,22.999,6.13,73.265,273.895,58.61
114007.jpg,592.5000000000001,584.8886624379165,7.611337562083577,1:6,1:4,1:6,1:1.5:3,438.666,27.782,166.693,22.23,8.65,34.601,6.92,9.261,55.564,7.41,7.072,10.608,21.216,5.66,52.765,267.466,42.21
114008.jpg,571.05,570.7762326542864,0.2737673457135088,1:3,1:5,1:5,1:1.5:3,428.082,47.446,142.337,37.96,7.035,35.173,5.63,10.544,52.718,8.44,6.901,10.352,20.704,5.52,71.926,240.58,57.54
114009.jpg,458.25,497.44942190154273,39.199421901542735,1:6,1:3,1:4,1:1.5:3,373.087,23.629,141.773,18.9,9.196,27.589,7.36,11.027,44.107,8.82,6.015,9.022,18.044,4.81,49.867,222.491,39.89
114010.jpg,650.25,625.6098444781587,24.64015552184128,1:4,1:5,1:6,1:1.5:3,469.207,41.603,166.412,33.28,7.71,38.552,6.17,9.905,59.433,7.92,7.564,11.346,22.693,6.05,66.782,275.743,53.43
114011.jpg,636.75,620.554726998851,16.195273001148962,1:3,1:3,1:5,1:1:2,465.416,51.584,154.751,41.27,11.472,34.417,9.18,11.463,57.315,9.17,10.317,10.317,20.633,8.25,84.836,256.8,67.87
114012.jpg,686.2499999999999,627.9956943709831,58.25430562901681,1:8,1:4,1:4,1:1:2,470.997,23.201,185.608,18.56,9.288,37.151,7.43,13.921,55.682,11.14,10.44,10.44,20.881,8.35,56.85,288.881,45.48
114013.jpg,600.0000000000001,592.4978226578253,7.502177342174832,1:3,1:5,1:6,1:1.5:3,444.373,49.251,147.754,39.4,7.302,36.512,5.84,9.381,56.287,7.5,7.164,10.746,21.492,5.73,73.098,251.299,58.48
114014.jpg,705.75,649.0299748654406,56.72002513455936,1:4,1:6,1:3,1:1:2,486.772,43.16,172.642,34.53,6.856,41.138,5.48,17.984,53.951,14.39,10.79,10.79,21.58,8.63,78.79,278.521,63.03
114015.jpg,713.2500000000001,678.4878094099091,34.762190590090995,1:3,1:6,1:4,1:2:4,508.866,56.399,169.198,45.12,7.168,43.005,5.73,15.04,60.159,12.03,6.446,12.891,25.783,5.16,85.053,285.253,68.04
114016.jpg,638.2499999999999,616.3909063214005,21.85909367859938,1:3,1:6,1:5,1:1.5:3,462.293,51.237,153.712,40.99,6.512,39.069,5.21,11.386,56.931,9.11,7.453,11.179,22.358,5.96,76.588,260.891,61.27
114017.jpg,823.5000000000001,790.7306251018392,32.76937489816089,1:4,1:5,1:3,1:2:4,593.048,52.584,210.334,42.07,9.745,48.727,7.8,21.91,65.729,17.53,7.512,15.024,30.048,6.01,91.751,339.814,73.4
114018.jpg,819.75,758.675148314191,61.074851685808994,1:3,1:6,1:4,1:1:2,569.006,63.065,189.195,50.45,8.015,48.088,6.41,16.817,67.269,13.45,12.613,12.613,25.226,10.09,100.51,317.165,80.41
114019.jpg,592.5000000000001,574.4262723541466,18.073727645853523,1:3,1:3,1:3,1:1:2,430.82,47.749,143.248,38.2,10.619,31.858,8.5,15.916,47.749,12.73,9.55,9.55,19.1,7.64,83.834,232.405,67.07
114020.jpg,732.75,692.7704086205057,39.97959137949431,1:3,1:5,1:3,1:1.5:3,519.578,57.587,172.76,46.07,8.538,42.691,6.83,19.196,57.587,15.36,8.376,12.564,25.129,6.7,93.697,285.602,74.96
114021.jpg,1029.0,900.4312548280623,128.5687451719377,1:6,1:4,1:6,1:1.5:3,675.323,42.77,256.623,34.22,13.317,53.268,10.65,14.257,85.541,11.41,10.887,16.331,32.661,8.71,81.231,411.763,64.98
114022.jpg,626.25,628.6410096730161,2.3910096730161285,1:3,1:6,1:3,1:2:4,471.481,52.256,156.767,41.8,6.641,39.846,5.31,17.419,52.256,13.94,5.972,11.944,23.888,4.78,82.288,260.813,65.83
114023.jpg,663.0,637.1954067848025,25.804593215197546,1:4,1:4,1:4,1:1:2,477.897,42.373,169.494,33.9,9.424,37.695,7.54,14.124,56.498,11.3,10.593,10.593,21.187,8.47,76.514,274.28,61.21
114024.jpg,854.25,841.7927658673083,12.457234132691724,1:4,1:6,1:5,1:2:4,631.345,55.979,223.917,44.78,8.893,53.356,7.11,15.55,77.749,12.44,7.997,15.994,31.988,6.4,88.419,371.016,70.74
114025.jpg,586.5,571.7826678941927,14.71733210580726,1:4,1:6,1:6,1:2:4,428.837,38.024,152.094,30.42,6.04,36.242,4.83,9.053,54.319,7.24,5.432,10.864,21.728,4.35,58.549,253.519,46.84
114026.jpg,882.75,838.7557087383086,43.99429126169139,1:6,1:3,1:4,1:1:2,629.067,39.841,239.045,31.87,15.506,46.518,12.4,18.592,74.37,14.87,13.944,13.944,27.889,11.16,87.883,373.877,70.31
114027.jpg,849.75,829.8927060494177,19.85729395058229,1:4,1:3,1:6,1:2:4,622.42,55.188,220.751,44.15,15.342,46.027,12.27,13.14,78.84,10.51,7.884,15.768,31.536,6.31,91.554,361.386,73.24
114028.jpg,1041.75,993.4868749258054,48.26312507419459,1:4,1:5,1:3,1:1:2,745.115,66.067,264.268,52.85,12.244,61.222,9.8,27.528,82.584,22.02,16.517,16.517,33.033,13.21,122.356,424.591,97.88
114029.jpg,903.0,831.9786991582727,71.02130084172734,1:8,1:3,1:4,1:2:4,623.984,30.737,245.896,24.59,15.381,46.142,12.3,18.442,73.769,14.75,7.904,15.808,31.615,6.32,72.464,381.615,57.97
114030.jpg,732.75,699.2449151766732,33.5050848233268,1:8,1:5,1:4,1:1:2,524.434,25.833,206.666,20.67,8.618,43.09,6.89,15.5,62.0,12.4,11.625,11.625,23.25,9.3,61.576,323.381,49.26
114031.jpg,606.75,618.0688168349116,11.31881683491156,1:4,1:5,1:6,1:2:4,463.552,41.102,164.406,32.88,7.617,38.087,6.09,9.786,58.717,7.83,5.872,11.743,23.487,4.7,64.377,272.953,51.5
114032.jpg,818.25,765.2961566516989,52.95384334830112,1:6,1:5,1:6,1:1.5:3,573.972,36.352,218.109,29.08,9.432,47.16,7.55,12.117,72.703,9.69,9.253,13.88,27.759,7.4,67.154,351.852,53.72
114033.jpg,707.25,688.2697594073558,18.98024059264424,1:6,1:6,1:4,1:1.5:3,516.202,32.693,196.157,26.15,7.271,43.625,5.82,15.257,61.027,12.21,8.322,12.483,24.965,6.66,63.543,313.292,50.83
114034.jpg,732.0,702.2300682002278,29.769931799772166,1:4,1:3,1:6,1:1.5:3,526.673,46.698,186.793,37.36,12.982,38.946,10.39,11.119,66.712,8.9,8.491,12.736,25.472,6.79,79.29,305.187,63.43
114035.jpg,748.5,722.8673317025105,25.632668297489545,1:6,1:3,1:3,1:1.5:3,542.15,34.336,206.017,27.47,13.364,40.091,10.69,20.029,60.088,16.02,8.74,13.11,26.22,6.99,76.469,319.306,61.18
114036.jpg,921.0,861.0911561920215,59.90884380797854,1:3,1:6,1:4,1:1:2,645.818,71.578,214.735,57.26,9.097,54.579,7.28,19.088,76.35,15.27,14.316,14.316,28.631,11.45,114.079,359.98,91.26
114037.jpg,1021.5,944.0887694659696,77.41123053403044,1:6,1:4,1:6,1:1.5:3,708.067,44.844,269.065,35.88,13.963,55.851,11.17,14.948,89.688,11.96,11.415,17.122,34.245,9.13,85.17,431.726,68.14
114038.jpg,861.0,812.36969562445,48.63030437555005,1:6,1:3,1:4,1:1:2,609.277,38.588,231.525,30.87,15.018,45.055,12.01,18.008,72.03,14.41,13.506,13.506,27.011,10.8,85.12,362.116,68.1
114039.jpg,838.5,764.3262449228866,74.17375507711336,1:3,1:5,1:6,1:1:2,573.245,63.535,190.604,50.83,9.42,47.1,7.54,12.102,72.611,9.68,12.707,12.707,25.414,10.17,97.764,323.022,78.21
114040.jpg,910.5,841.2493524033401,69.25064759665986,1:6,1:3,1:3,1:1:2,630.937,39.959,239.756,31.97,15.552,46.657,12.44,23.31,69.929,18.65,13.986,13.986,27.972,11.19,92.807,370.328,74.25
114041.jpg,1124.25,1044.323476394669,79.92652360533111,1:3,1:4,1:6,1:2:4,783.243,86.809,260.428,69.45,15.445,61.781,12.36,16.535,99.211,13.23,9.921,19.842,39.684,7.94,128.71,441.262,102.97
114042.jpg,818.25,742.7381955256731,75.51180447432694,1:8,1:6,1:5,1:1:2,557.054,27.44,219.52,21.95,7.846,47.078,6.28,13.72,68.6,10.98,12.348,12.348,24.696,9.88,61.354,347.546,49.08
114043.jpg,733.5,712.1954836300102,21.30451636998976,1:8,1:3,1:6,1:1.5:3,534.147,26.312,210.493,21.05,13.166,39.499,10.53,11.276,67.659,9.02,8.611,12.917,25.833,6.89,59.365,330.568,47.49
114044.jpg,941.25,804.0019893874068,137.24801061259325,1:8,1:3,1:4,1:2:4,603.001,29.703,237.627,23.76,14.864,44.591,11.89,17.822,71.288,14.26,7.638,15.276,30.552,6.11,70.027,368.782,56.02
114045.jpg,705.0,671.8824489909871,33.117551009012914,1:3,1:6,1:6,1:1:2,503.912,55.85,167.551,44.68,7.098,42.587,5.68,10.638,63.829,8.51,11.17,11.17,22.34,8.94,84.756,285.137,67.8
114046.jpg,744.75,702.8277079801644,41.9222920198356,1:8,1:4,1:5,1:1:2,527.121,25.966,207.725,20.77,10.395,41.578,8.32,12.983,64.914,10.39,11.685,11.685,23.369,9.35,61.029,325.902,48.82
114047.jpg,960.75,934.532214302032,26.21778569796811,1:3,1:3,1:6,1:1.5:3,700.899,77.683,233.049,62.15,17.277,51.83,13.82,14.797,88.781,11.84,11.299,16.949,33.898,9.04,121.056,390.609,96.84
114048.jpg,780.0,731.9585212780281,48.041478721971885,1:8,1:5,1:5,1:1:2,548.969,27.042,216.334,21.63,9.021,45.106,7.22,13.521,67.605,10.82,12.169,12.169,24.338,9.74,61.753,341.214,49.4
114049.jpg,756.75,708.6424691261158,48.10753087388423,1:8,1:4,1:6,1:2:4,531.482,26.18,209.443,20.94,10.481,41.922,8.38,11.22,67.321,8.98,6.732,13.464,26.928,5.39,54.613,332.15,43.69
114050.jpg,951.75,901.8171284665294,49.932871533470575,1:4,1:6,1:3,1:2:4,676.363,59.971,239.883,47.98,9.527,57.161,7.62,24.988,74.964,19.99,8.567,17.135,34.269,6.85,103.053,389.143,82.44
114051.jpg,1003.5,957.954580492004,45.545419507996144,1:3,1:3,1:6,1:2:4,718.466,79.63,238.89,63.7,17.71,53.129,14.17,15.168,91.006,12.13,9.101,18.201,36.402,7.28,121.609,401.226,97.29
114052.jpg,749.25,724.196953841413,25.053046158586994,1:3,1:6,1:4,1:2:4,543.148,60.199,180.597,48.16,7.65,45.902,6.12,16.053,64.212,12.84,6.88,13.76,27.519,5.5,90.782,304.471,72.63
114053.jpg,890.25,884.9462582123135,5.3037417876864765,1:6,1:3,1:6,1:2:4,663.71,42.035,252.21,33.63,16.36,49.08,13.09,14.012,84.07,11.21,8.407,16.814,33.628,6.73,80.814,402.174,64.65
114054.jpg,774.0,731.2403803738802,42.75961962611984,1:3,1:3,1:4,1:2:4,548.43,60.784,182.353,48.63,13.518,40.555,10.81,16.209,64.837,12.97,6.947,13.894,27.787,5.56,97.458,301.639,77.97
114055.jpg,815.25,785.2319411103397,30.018058889660324,1:6,1:3,1:5,1:2:4,588.924,37.299,223.791,29.84,14.517,43.55,11.61,14.505,72.525,11.6,7.46,14.919,29.839,5.97,73.781,354.785,59.02
114056.jpg,728.25,668.076497156677,60.17350284332304,1:6,1:5,1:3,1:1.5:3,501.057,31.734,190.402,25.39,8.234,41.169,6.59,18.511,55.534,14.81,8.078,12.116,24.233,6.46,66.557,299.221,53.25
114057.jpg,633.75,596.3206780245506,37.4293219754494,1:8,1:5,1:5,1:1.5:3,447.241,22.031,176.246,17.62,7.349,36.747,5.88,11.015,55.077,8.81,7.21,10.815,21.63,5.77,47.605,278.885,38.08
114058.jpg,735.0,719.3152190803775,15.68478091962254,1:6,1:5,1:6,1:1:2,539.486,34.167,205.005,27.33,8.865,44.327,7.09,11.389,68.335,9.11,11.959,11.959,23.917,9.57,66.38,329.626,53.1
114059.jpg,677.25,633.0331306473747,44.21686935262528,1:8,1:5,1:6,1:2:4,474.775,23.387,187.096,18.71,7.802,39.01,6.24,10.023,60.138,8.02,6.014,12.028,24.055,4.81,47.226,298.272,37.78
114060.jpg,1113.75,1064.1428843530225,49.60711564697772,1:8,1:3,1:3,1:2:4,798.107,39.314,314.513,31.45,19.673,59.018,15.74,29.486,88.457,23.59,10.109,20.219,40.437,8.09,98.582,482.207,78.87
114061.jpg,999.0,973.6277625679896,25.372237432010365,1:3,1:6,1:5,1:2:4,730.221,80.933,242.798,64.75,10.285,61.712,8.23,17.985,89.925,14.39,9.249,18.499,36.998,7.4,118.452,412.934,94.76
114062.jpg,825.0,785.5055434141697,39.494456585830335,1:3,1:4,1:6,1:2:4,589.129,65.295,195.885,52.24,11.617,46.469,9.29,12.437,74.623,9.95,7.462,14.925,29.849,5.97,96.811,331.902,77.45
114063.jpg,879.75,832.6493751594181,47.10062484058187,1:3,1:5,1:5,1:1:2,624.487,69.214,207.642,55.37,10.262,51.311,8.21,15.381,76.904,12.3,13.843,13.843,27.686,11.07,108.7,349.7,86.96
114064.jpg,825.0,766.6068473743453,58.39315262565469,1:3,1:5,1:3,1:1.5:3,574.955,63.724,191.173,50.98,9.448,47.241,7.56,21.241,63.724,16.99,9.269,13.903,27.807,7.42,103.682,316.041,82.95
114065.jpg,930.75,874.0644013011449,56.685598698855074,1:4,1:4,1:5,1:1:2,655.548,58.125,232.501,46.5,12.927,51.708,10.34,16.146,80.73,12.92,14.531,14.531,29.063,11.62,101.729,379.47,81.38
114066.jpg,1071.75,1028.422361255067,43.32763874493298,1:8,1:4,1:3,1:1:2,771.317,37.994,303.956,30.4,15.21,60.84,12.17,28.496,85.488,22.8,17.098,17.098,34.195,13.68,98.798,467.382,79.04
114067.jpg,1020.0,945.440576816106,74.55942318389407,1:3,1:3,1:6,1:1:2,709.08,78.59,235.769,62.87,17.478,52.435,13.98,14.969,89.817,11.98,15.718,15.718,31.436,12.57,126.755,393.739,101.4
114068.jpg,793.95,728.9401768454562,65.00982315454382,1:8,1:3,1:6,1:2:4,546.705,26.93,215.442,21.54,13.476,40.428,10.78,11.542,69.249,9.23,6.925,13.85,27.7,5.54,58.873,338.969,47.1
114069.jpg,735.0,726.585520180501,8.414479819498979,1:4,1:6,1:3,1:1:2,544.939,48.318,193.272,38.65,7.676,46.054,6.14,20.132,60.397,16.11,12.079,12.079,24.159,9.66,88.205,311.802,70.56
114070.jpg,694.5,699.1569087983221,4.6569087983220925,1:8,1:3,1:4,1:1:2,524.368,25.83,206.64,20.66,12.925,38.776,10.34,15.498,61.992,12.4,11.623,11.623,23.247,9.3,65.876,319.031,52.7
114071.jpg,847.5,818.0164367382915,29.48356326170847,1:3,1:4,1:4,1:2:4,613.512,67.998,203.993,54.4,12.098,48.393,9.68,18.133,72.531,14.51,7.771,15.542,31.085,6.22,106.0,340.459,84.8
114072.jpg,872.25,840.292596267168,31.95740373283195,1:8,1:3,1:5,1:2:4,630.219,31.044,248.353,24.84,15.534,46.603,12.43,15.522,77.61,12.42,7.983,15.966,31.931,6.39,70.083,388.532,56.07
114073.jpg,1035.0,1021.1438190078298,13.856180992170152,1:6,1:4,1:3,1:2:4,765.858,48.504,291.026,38.8,15.102,60.409,12.08,28.294,84.883,22.64,9.701,19.402,38.803,7.76,101.601,455.72,81.28
114074.jpg,640.5,582.5425601484712,57.95743985152876,1:8,1:4,1:4,1:1:2,436.907,21.522,172.174,17.22,8.616,34.462,6.89,12.913,51.652,10.33,9.685,9.685,19.37,7.75,52.736,267.973,42.19
114075.jpg,828.75,767.0320036175265,61.71799638247353,1:3,1:6,1:5,1:1:2,575.274,63.76,191.279,51.01,8.103,48.618,6.48,14.169,70.844,11.34,12.752,12.752,25.504,10.2,98.784,323.493,79.03
114076.jpg,940.05,918.8391584243566,21.21084157564337,1:8,1:4,1:4,1:2:4,689.129,33.946,271.568,27.16,13.589,54.357,10.87,20.368,81.47,16.29,8.729,17.458,34.916,6.98,76.632,424.853,61.31
114077.jpg,927.75,888.726838546532,39.02316145346799,1:3,1:5,1:3,1:1.5:3,666.545,73.875,221.626,59.1,10.953,54.766,8.76,24.625,73.875,19.7,10.746,16.118,32.237,8.6,120.199,366.385,96.16
114078.jpg,738.0,713.9379515960746,24.06204840392536,1:3,1:4,1:6,1:2:4,535.453,59.346,178.038,47.48,10.559,42.235,8.45,11.304,67.824,9.04,6.782,13.565,27.13,5.43,87.991,301.662,70.39
114079.jpg,895.5,839.0392344417594,56.46076555824061,1:8,1:5,1:3,1:1.5:3,629.279,30.998,247.983,24.8,10.341,51.704,8.27,23.248,69.745,18.6,10.145,15.217,30.434,8.12,74.732,384.649,59.79
114080.jpg,775.5,742.2031258181208,33.29687418187916,1:8,1:5,1:4,1:1:2,556.652,27.42,219.362,21.94,9.147,45.737,7.32,16.452,65.809,13.16,12.339,12.339,24.678,9.87,65.358,343.247,52.29
114081.jpg,1008.3,969.7611416336308,38.53885836636925,1:4,1:6,1:5,1:1.5:3,727.321,64.489,257.956,51.59,10.245,61.467,8.2,17.914,89.568,14.33,11.725,17.588,35.176,9.38,104.373,426.579,83.5
114082.jpg,1390.5,1403.3324924990857,12.832492499085674,1:4,1:5,1:5,1:1:2,1052.499,93.322,373.286,74.66,17.296,86.478,13.84,25.923,129.613,20.74,23.33,23.33,46.661,18.66,159.871,612.707,127.9
114083.jpg,1359.0,1384.794599118371,25.794599118371025,1:8,1:6,1:4,1:1:2,1038.596,51.16,409.284,40.93,14.629,87.774,11.7,30.696,122.785,24.56,23.022,23.022,46.044,18.42,119.507,642.865,95.61
114084.jpg,1068.0,969.8967371262448,98.10326287375516,1:8,1:5,1:4,1:1:2,727.423,35.832,286.658,28.67,11.954,59.768,9.56,21.499,85.998,17.2,16.125,16.125,32.249,12.9,85.41,448.549,68.33
114085.jpg,538.8,544.2305797180386,5.430579718038644,1:3,1:6,1:3,1:1:2,408.173,45.239,135.718,36.19,5.749,34.496,4.6,15.08,45.239,12.06,9.048,9.048,18.096,7.24,75.116,224.501,60.09
114086.jpg,1489.5,1513.1384007194897,23.63840071948948,1:6,1:5,1:6,1:1.5:3,1134.854,71.874,431.244,57.5,18.649,93.245,14.92,23.958,143.748,19.17,18.295,27.443,54.886,14.64,132.776,695.68,106.22
114087.jpg,1012.5,905.979987856833,106.52001214316704,1:4,1:3,1:5,1:1.5:3,679.485,60.248,240.991,48.2,16.749,50.247,13.4,16.735,83.677,13.39,10.954,16.431,32.862,8.76,104.686,391.346,83.75
114088.jpg,852.0,791.933900761611,60.06609923838903,1:8,1:3,1:5,1:1.5:3,593.95,29.258,234.06,23.41,14.64,43.921,11.71,14.629,73.144,11.7,9.575,14.363,28.726,7.66,68.102,365.488,54.48
114089.jpg,824.25,744.4302931253359,79.81970687466412,1:8,1:3,1:4,1:1:2,558.323,27.503,220.021,22.0,13.762,41.287,11.01,16.502,66.006,13.2,12.376,12.376,24.752,9.9,70.143,339.69,56.11
114090.jpg,1065.0,982.8717373944849,82.12826260551515,1:8,1:3,1:6,1:1:2,737.154,36.312,290.493,29.05,18.17,54.511,14.54,15.562,93.373,12.45,16.34,16.34,32.68,13.07,86.384,454.717,69.11
114091.jpg,1047.0,987.8376603877318,59.16233961226817,1:3,1:6,1:3,1:1:2,740.878,82.114,246.342,65.69,10.436,62.613,8.35,27.371,82.114,21.9,16.423,16.423,32.846,13.14,136.344,407.492,109.08
114092.jpg,900.0,856.6536008987462,43.34639910125384,1:3,1:6,1:5,1:1:2,642.49,71.209,213.628,56.97,9.05,54.298,7.24,15.824,79.121,12.66,14.242,14.242,28.484,11.39,110.325,361.289,88.26
114093.jpg,987.0,948.50652116392,38.49347883608005,1:3,1:3,1:5,1:1:2,711.38,78.845,236.534,63.08,17.535,52.605,14.03,17.521,87.605,14.02,15.769,15.769,31.538,12.62,129.67,392.513,103.74
114094.jpg,827.25,752.4700343802184,74.77996561978159,1:8,1:4,1:6,1:1:2,564.353,27.8,222.397,22.24,11.129,44.515,8.9,11.914,71.485,9.53,12.51,12.51,25.02,10.01,63.353,350.907,50.68
114095.jpg,817.5,743.8731354153624,73.62686458463759,1:6,1:6,1:4,1:1:2,557.905,35.334,212.004,28.27,7.858,47.15,6.29,16.489,65.957,13.19,12.367,12.367,24.734,9.89,72.048,337.478,57.64
114096.jpg,1053.75,988.9643105259012,64.78568947409883,1:3,1:5,1:4,1:1.5:3,741.723,82.208,246.623,65.77,12.189,60.943,9.75,21.922,87.688,17.54,11.957,17.936,35.872,9.57,128.276,413.19,102.62
114097.jpg,1221.75,1159.6972461779696,62.052753822030354,1:6,1:4,1:3,1:2:4,869.773,55.086,330.514,44.07,17.151,68.606,13.72,32.133,96.4,25.71,11.017,22.034,44.068,8.81,115.387,517.554,92.31
114098.jpg,1037.25,1005.8787303281672,31.37126967183281,1:8,1:5,1:4,1:2:4,754.409,37.162,297.293,29.73,12.397,61.986,9.92,22.297,89.188,17.84,9.556,19.112,38.223,7.64,81.412,467.579,65.13
114099.jpg,842.25,774.2066701477537,68.0433298522463,1:3,1:3,1:5,1:1:2,580.655,64.356,193.068,51.48,14.313,42.938,11.45,14.301,71.507,11.44,12.871,12.871,25.742,10.3,105.841,320.384,84.67
114100.jpg,704.25,656.0286313392104,48.22136866078961,1:6,1:4,1:3,1:1.5:3,492.021,31.161,186.968,24.93,9.702,38.81,7.76,18.177,54.532,14.54,7.932,11.898,23.796,6.35,66.972,292.208,53.58
123001.jpg,867.75,846.6183679395502,21.13163206044976,1:4,1:6,1:3,1:2:4,634.964,56.3,225.2,45.04,8.944,53.662,7.16,23.458,70.375,18.77,8.043,16.086,32.171,6.43,96.745,365.323,77.4
123002.jpg,747.0,653.0740126837951,93.9259873162049,1:8,1:6,1:3,1:1:2,489.806,24.127,193.02,19.3,6.899,41.394,5.52,18.096,54.287,14.48,10.857,10.857,21.715,8.69,59.979,299.558,47.98
123003.jpg,1004.25,977.0642453075212,27.18575469247889,1:8,1:4,1:6,1:1.5:3,732.798,36.097,288.777,28.88,14.45,57.802,11.56,15.47,92.821,12.38,11.814,17.72,35.441,9.45,77.831,457.12,62.26
123004.jpg,644.25,594.750215651913,49.49978434808702,1:3,1:3,1:4,1:2:4,446.063,49.439,148.316,39.55,10.995,32.985,8.8,13.184,52.735,10.55,5.65,11.3,22.601,4.52,79.268,245.336,63.41
123005.jpg,706.5,666.8191227675032,39.68087723249676,1:8,1:3,1:4,1:1.5:3,500.114,24.635,197.082,19.71,12.327,36.982,9.86,14.781,59.125,11.82,8.062,12.094,24.187,6.45,59.805,305.283,47.84
123006.jpg,672.75,606.5210147514779,66.22898524852212,1:4,1:5,1:3,1:1:2,454.891,40.334,161.335,32.27,7.475,37.376,5.98,16.806,50.417,13.44,10.083,10.083,20.167,8.07,74.698,259.211,59.76
123007.jpg,780.9000000000002,734.1956740904941,46.70432590950611,1:4,1:5,1:5,1:2:4,550.647,48.824,195.296,39.06,9.049,45.244,7.24,13.562,67.811,10.85,6.975,13.95,27.899,5.58,78.41,322.301,62.73
123008.jpg,780.9000000000002,734.9259768971978,45.97402310280245,1:8,1:3,1:5,1:1.5:3,551.194,27.151,217.211,21.72,13.587,40.76,10.87,13.576,67.879,10.86,8.886,13.329,26.658,7.11,63.2,339.179,50.56
123009.jpg,790.5,726.7009502449878,63.79904975501222,1:4,1:6,1:4,1:1.5:3,545.026,48.326,193.302,38.66,7.677,46.061,6.14,16.109,64.434,12.89,8.786,13.18,26.359,7.03,80.898,316.977,64.72
123010.jpg,1105.35,976.0490180705632,129.30098192943683,1:4,1:3,1:5,1:1:2,732.037,64.907,259.629,51.93,18.044,54.133,14.44,18.03,90.149,14.42,16.227,16.227,32.454,12.98,117.208,420.138,93.77
123011.jpg,768.0,739.4775959310937,28.52240406890633,1:6,1:3,1:4,1:2:4,554.608,35.125,210.751,28.1,13.671,41.012,10.94,16.392,65.567,13.11,7.025,14.05,28.1,5.62,72.213,331.38,57.77
123012.jpg,906.375,869.408012769212,36.96698723078805,1:4,1:4,1:3,1:2:4,652.056,57.816,231.263,46.25,12.858,51.433,10.29,24.09,72.27,19.27,8.259,16.519,33.038,6.61,103.023,371.485,82.42
123013.jpg,906.375,835.4634892771825,70.91151072281752,1:3,1:3,1:6,1:1:2,626.598,69.448,208.344,55.56,15.445,46.336,12.36,13.228,79.369,10.58,13.89,13.89,27.779,11.11,112.011,347.939,89.61
123014.jpg,906.375,831.3654789658702,75.00952103412976,1:6,1:3,1:4,1:1:2,623.524,39.49,236.939,31.59,15.369,46.108,12.3,18.429,73.714,14.74,13.821,13.821,27.643,11.06,87.109,370.582,69.69
123015.jpg,843.75,817.7430072501285,26.00699274987153,1:4,1:5,1:5,1:2:4,613.307,54.38,217.52,43.5,10.078,50.392,8.06,15.106,75.528,12.08,7.769,15.537,31.074,6.22,87.333,358.977,69.87
123016.jpg,660.8999999999999,611.2376727472301,49.66232725276973,1:3,1:6,1:4,1:1:2,458.428,50.809,152.427,40.65,6.457,38.743,5.17,13.549,54.196,10.84,10.162,10.162,20.324,8.13,80.977,255.528,64.78
123017.jpg,742.5,683.782989452451,58.717010547548966,1:6,1:4,1:4,1:2:4,512.837,32.48,194.878,25.98,10.113,40.452,8.09,15.157,60.629,12.13,6.496,12.992,25.984,5.2,64.246,308.951,51.4
123018.jpg,696.0,661.6571944050936,34.342805594906395,1:3,1:4,1:5,1:1.5:3,496.243,55.0,165.001,44.0,9.786,39.143,7.83,12.222,61.111,9.78,8.0,12.0,24.0,6.4,85.008,277.255,68.01
123019.jpg,918.0,850.3659620833557,67.63403791664427,1:4,1:5,1:5,1:2:4,637.774,56.549,226.197,45.24,10.48,52.402,8.38,15.708,78.541,12.57,8.078,16.157,32.314,6.46,90.815,373.297,72.65
123020.jpg,654.75,612.0088194566995,42.74118054330052,1:3,1:4,1:6,1:1:2,459.007,50.873,152.62,40.7,9.051,36.205,7.24,9.69,58.141,7.75,10.175,10.175,20.349,8.14,79.789,257.141,63.83
123021.jpg,721.9125000000001,734.7800502679988,12.867550267998697,1:6,1:4,1:6,1:1:2,551.085,34.902,209.412,27.92,10.867,43.468,8.69,11.634,69.804,9.31,12.216,12.216,24.431,9.77,69.619,334.9,55.7
123022.jpg,662.25,600.4916921541343,61.75830784586572,1:3,1:4,1:6,1:1:2,450.369,49.916,149.748,39.93,8.881,35.524,7.1,9.508,57.047,7.61,9.983,9.983,19.966,7.99,78.288,252.302,62.63
123023.jpg,876.2625,826.206769295256,50.055730704744064,1:8,1:6,1:4,1:2:4,619.655,30.524,244.19,24.42,8.728,52.368,6.98,18.314,73.257,14.65,7.849,15.698,31.396,6.28,65.415,385.513,52.33
123024.jpg,642.75,607.0749105657393,35.67508943426071,1:8,1:4,1:4,1:1:2,455.306,22.428,179.424,17.94,8.978,35.914,7.18,13.457,53.827,10.77,10.093,10.093,20.185,8.07,54.956,279.258,43.96
123025.jpg,758.25,788.1803059988104,29.930305998810358,1:6,1:4,1:4,1:2:4,591.135,37.439,224.631,29.95,11.657,46.627,9.33,17.471,69.885,13.98,7.488,14.975,29.951,5.99,74.055,356.118,59.24
123026.jpg,667.5,646.4153710345826,21.08462896541744,1:8,1:4,1:4,1:2:4,484.812,23.881,191.052,19.1,9.56,38.241,7.65,14.329,57.315,11.46,6.141,12.282,24.564,4.91,53.911,298.89,43.13
123027.jpg,915.75,863.9869257123796,51.763074287620384,1:6,1:6,1:4,1:2:4,647.99,41.039,246.236,32.83,9.127,54.763,7.3,19.152,76.607,15.32,8.208,16.416,32.832,6.57,77.526,394.022,62.02
123028.jpg,626.25,605.9186873465776,20.3313126534224,1:8,1:4,1:4,1:2:4,454.439,22.385,179.083,17.91,8.961,35.845,7.17,13.431,53.725,10.74,5.756,11.512,23.025,4.6,50.533,280.165,40.43
123029.jpg,942.0,821.2929515756913,120.70704842430872,1:3,1:5,1:6,1:1.5:3,615.97,68.27,204.81,54.62,10.122,50.611,8.1,13.004,78.023,10.4,9.93,14.895,29.791,7.94,101.326,348.339,81.06
123030.jpg,706.5,665.0291520950093,41.47084790499071,1:8,1:5,1:4,1:2:4,498.772,24.569,196.553,19.66,8.196,40.981,6.56,14.741,58.966,11.79,6.318,12.636,25.271,5.05,53.824,309.136,43.06
123031.jpg,678.0,601.5226024128604,76.47739758713965,1:6,1:4,1:3,1:1:2,451.142,28.572,171.434,22.86,8.896,35.585,7.12,16.667,50.002,13.33,10.0,10.0,20.001,8.0,64.135,267.021,51.31
123032.jpg,730.9125000000001,663.933695184709,66.97880481529114,1:3,1:3,1:4,1:1.5:3,497.95,55.189,165.568,44.15,12.274,36.822,9.82,14.717,58.869,11.77,8.028,12.041,24.083,6.42,90.208,273.3,72.17
123033.jpg,669.0,616.0250123507302,52.97498764926979,1:4,1:5,1:6,1:1:2,462.019,40.966,163.863,32.77,7.592,37.962,6.07,9.754,58.522,7.8,10.241,10.241,20.483,8.19,68.553,270.588,54.84
123034.jpg,799.5,758.1431838881529,41.35681611184714,1:3,1:5,1:4,1:1:2,568.607,63.021,189.062,50.42,9.344,46.719,7.48,16.806,67.222,13.44,12.604,12.604,25.208,10.08,101.775,315.607,81.42
123035.jpg,706.5,656.4494482890063,50.05055171099366,1:6,1:3,1:6,1:1:2,492.337,31.181,187.088,24.94,12.136,36.407,9.71,10.394,62.363,8.32,10.913,10.913,21.827,8.73,64.624,296.771,51.7
123036.jpg,505.125,548.1564980280907,43.03149802809071,1:4,1:5,1:4,1:1:2,411.117,36.452,145.81,29.16,6.756,33.779,5.4,12.151,48.603,9.72,9.113,9.113,18.226,7.29,64.472,237.305,51.58
123037.jpg,897.0,853.5053260871396,43.49467391286044,1:3,1:3,1:6,1:2:4,640.129,70.948,212.843,56.76,15.779,47.336,12.62,13.514,81.083,10.81,8.108,16.217,32.433,6.49,108.349,357.479,86.68
123038.jpg,795.825,728.9546933614729,66.87030663852715,1:6,1:6,1:5,1:2:4,546.716,34.625,207.752,27.7,7.701,46.204,6.16,13.465,67.327,10.77,6.925,13.85,27.7,5.54,62.716,335.133,50.17
123039.jpg,660.4499999999999,610.6750929457088,49.774907054291134,1:6,1:3,1:6,1:1:2,458.006,29.007,174.042,23.21,11.29,33.869,9.03,9.669,58.014,7.74,10.152,10.152,20.305,8.12,60.118,276.077,48.09
123040.jpg,842.25,772.63273526031,69.61726473968997,1:4,1:5,1:5,1:1.5:3,579.475,51.38,205.52,41.1,9.522,47.612,7.62,14.272,71.361,11.42,9.342,14.013,28.025,7.47,84.516,338.506,67.61
123041.jpg,635.6999999999999,589.8949594913349,45.805040508665,1:8,1:5,1:3,1:1:2,442.421,21.793,174.347,17.43,7.27,36.351,5.82,16.345,49.035,13.08,9.807,9.807,19.614,7.85,55.215,269.54,44.17
123042.jpg,719.25,643.1269805205754,76.12301947942456,1:3,1:5,1:3,1:1:2,482.345,53.46,160.38,42.77,7.926,39.632,6.34,17.82,53.46,14.26,10.692,10.692,21.384,8.55,89.898,264.164,71.92
123043.jpg,690.75,650.3219555919042,40.42804440809584,1:4,1:6,1:6,1:2:4,487.741,43.246,172.986,34.6,6.87,41.22,5.5,10.297,61.781,8.24,6.178,12.356,24.712,4.94,66.591,288.343,53.27
123044.jpg,690.75,645.0851548418252,45.66484515817479,1:4,1:5,1:3,1:2:4,483.814,42.898,171.593,34.32,7.95,39.752,6.36,17.874,53.623,14.3,6.128,12.257,24.513,4.9,74.85,277.225,59.88
123045.jpg,715.5,640.7340451854096,74.76595481459037,1:4,1:3,1:4,1:1:2,480.551,42.609,170.435,34.09,11.845,35.536,9.48,14.203,56.812,11.36,10.652,10.652,21.304,8.52,79.309,273.435,63.45
123046.jpg,110.325,413.8286083304307,303.5036083304307,1:4,1:6,1:3,1:2:4,310.371,27.52,110.078,22.02,4.372,26.23,3.5,11.467,34.4,9.17,3.931,7.863,15.725,3.14,47.29,178.571,37.83
123047.jpg,728.25,665.6277315601344,62.62226843986559,1:3,1:4,1:5,1:1:2,499.221,55.33,165.991,44.26,9.844,39.377,7.88,12.296,61.478,9.84,11.066,11.066,22.132,8.85,88.536,277.912,70.83
123048.jpg,690.75,634.678130577327,56.07186942267299,1:6,1:4,1:6,1:1.5:3,476.009,30.147,180.883,24.12,9.387,37.547,7.51,10.049,60.294,8.04,7.674,11.511,23.022,6.14,57.257,290.235,45.81
123049.jpg,735.0,662.794461905796,72.20553809420403,1:4,1:3,1:4,1:1.5:3,497.096,44.076,176.303,35.26,12.253,36.759,9.8,14.692,58.768,11.75,8.014,12.021,24.041,6.41,79.035,283.851,63.23
123050.jpg,588.75,590.3429841076829,1.5929841076829234,1:4,1:3,1:5,1:2:4,442.757,39.258,157.031,31.41,10.914,32.741,8.73,10.905,54.525,8.72,5.608,11.217,22.433,4.49,66.685,255.514,53.35
123051.jpg,597.75,555.752481053401,41.99751894659903,1:4,1:4,1:3,1:1.5:3,416.814,36.958,147.83,29.57,8.219,32.877,6.58,15.399,46.197,12.32,6.72,10.079,20.159,5.38,67.296,236.983,53.84
123052.jpg,742.5,690.6726748472831,51.82732515271687,1:6,1:5,1:6,1:1:2,518.005,32.807,196.842,26.25,8.512,42.562,6.81,10.936,65.614,8.75,11.482,11.482,22.965,9.19,63.737,316.5,50.99
123053.jpg,1009.5,938.195463599428,71.30453640057203,1:8,1:5,1:4,1:1:2,703.647,34.661,277.289,27.73,11.563,57.815,9.25,20.797,83.187,16.64,15.597,15.597,31.195,12.48,82.618,433.888,66.09
123054.jpg,743.25,718.5159844245529,24.734015575447074,1:6,1:6,1:5,1:2:4,538.887,34.13,204.777,27.3,7.59,45.542,6.07,13.273,66.363,10.62,6.826,13.652,27.304,5.46,61.819,330.334,49.46
123055.jpg,968.25,907.1330031851784,61.11699681482151,1:8,1:4,1:6,1:2:4,680.35,33.514,268.108,26.81,13.416,53.665,10.73,14.363,86.178,11.49,8.618,17.236,34.471,6.89,69.911,425.187,55.93
123056.jpg,1116.0,1113.0735666379046,2.926433362095395,1:4,1:5,1:3,1:1.5:3,834.805,74.019,296.078,59.22,13.718,68.591,10.97,30.841,92.524,24.67,13.458,20.187,40.374,10.77,132.036,477.38,105.63
123057.jpg,672.75,621.465487165189,51.28451283481104,1:6,1:5,1:4,1:1.5:3,466.099,29.52,177.118,23.62,7.659,38.297,6.13,13.776,55.103,11.02,7.514,11.271,22.542,6.01,58.469,281.789,46.78
123058.jpg,1401.0,1457.471795779369,56.47179577936868,1:3,1:3,1:5,1:1.5:3,1093.104,121.152,363.457,96.92,26.944,80.833,21.56,26.923,134.614,21.54,17.622,26.433,52.866,14.1,192.641,605.337,154.11
123059.jpg,889.5,820.2603131602966,69.23968683970338,1:8,1:3,1:4,1:1:2,615.195,30.304,242.432,24.24,15.164,45.492,12.13,18.182,72.73,14.55,13.637,13.637,27.274,10.91,77.287,374.291,61.83
123060.jpg,828.0,791.4725882406279,36.52741175937206,1:8,1:3,1:3,1:1.5:3,593.604,29.241,233.924,23.39,14.632,43.896,11.71,21.93,65.791,17.54,9.57,14.354,28.709,7.66,75.373,357.965,60.3
123061.jpg,474.75,452.22297863004127,22.52702136995873,1:6,1:6,1:3,1:2:4,339.167,21.481,128.884,17.18,4.777,28.664,3.82,12.53,37.591,10.02,4.296,8.592,17.184,3.44,43.084,203.731,34.47
123062.jpg,731.25,662.7194491053974,68.53055089460258,1:3,1:5,1:5,1:2:4,497.04,55.089,165.266,44.07,8.168,40.839,6.53,12.242,61.21,9.79,6.296,12.592,25.183,5.04,81.795,279.907,65.44
123063.jpg,590.25,626.5461273582969,36.29612735829687,1:6,1:4,1:5,1:1:2,469.91,29.761,178.566,23.81,9.266,37.065,7.41,11.574,57.868,9.26,10.416,10.416,20.833,8.33,61.017,283.915,48.81
123064.jpg,526.5,516.3095300931274,10.190469906872636,1:6,1:6,1:5,1:1.5:3,387.232,24.525,147.148,19.62,5.454,32.726,4.36,9.537,47.687,7.63,6.243,9.364,18.728,4.99,45.759,236.925,36.61
123065.jpg,735.75,687.8436715797204,47.90632842027958,1:4,1:4,1:6,1:1:2,515.883,45.742,182.966,36.59,10.173,40.692,8.14,10.891,65.345,8.71,11.435,11.435,22.871,9.15,78.241,300.438,62.59
123066.jpg,807.0,740.1994469715897,66.80055302841026,1:8,1:6,1:5,1:1:2,555.15,27.346,218.77,21.88,7.819,46.917,6.26,13.673,68.366,10.94,12.306,12.306,24.612,9.84,61.144,346.359,48.92
123067.jpg,895.5,822.7281087320303,72.77189126796975,1:8,1:6,1:3,1:1.5:3,617.046,30.395,243.162,24.32,8.691,52.148,6.95,22.796,68.389,18.24,9.948,14.921,29.843,7.96,71.83,378.62,57.46
123068.jpg,711.75,677.9395085028625,33.81049149713749,1:8,1:6,1:4,1:1.5:3,508.455,25.046,200.369,20.04,7.162,42.971,5.73,15.028,60.111,12.02,8.197,12.295,24.591,6.56,55.433,315.746,44.35
123069.jpg,1252.5,1165.0186077940416,87.4813922059584,1:3,1:5,1:5,1:1.5:3,873.764,96.842,290.527,77.47,14.358,71.792,11.49,21.52,107.602,17.22,14.086,21.129,42.258,11.27,146.806,491.05,117.44
123070.jpg,1009.5,961.859577305386,47.6404226946139,1:6,1:4,1:6,1:1:2,721.395,45.688,274.13,36.55,14.226,56.902,11.38,15.229,91.377,12.18,15.991,15.991,31.982,12.79,91.134,438.4,72.91
123071.jpg,984.0,914.3798013546084,69.62019864539172,1:6,1:5,1:6,1:2:4,685.785,43.433,260.598,34.75,11.269,56.347,9.02,14.478,86.866,11.58,8.687,17.373,34.746,6.95,77.867,421.184,62.29
123072.jpg,959.25,899.1358717931573,60.11412820684268,1:3,1:6,1:6,1:2:4,674.352,74.741,224.222,59.79,9.498,56.991,7.6,14.236,85.418,11.39,8.542,17.084,34.167,6.83,107.017,383.715,85.61
123073.jpg,764.25,733.9487421045021,30.301257895497884,1:6,1:4,1:6,1:1:2,550.462,34.863,209.175,27.89,10.855,43.419,8.68,11.621,69.725,9.3,12.202,12.202,24.404,9.76,69.541,334.521,55.63
123074.jpg,705.0,631.0032054214383,73.99679457856166,1:6,1:6,1:6,1:1:2,473.252,29.973,179.836,23.98,6.666,39.996,5.33,9.991,59.945,7.99,10.49,10.49,20.981,8.39,57.12,290.267,45.7
123075.jpg,843.0,741.2921712341576,101.70782876584236,1:3,1:3,1:3,1:1:2,555.969,61.62,184.86,49.3,13.704,41.113,10.96,20.54,61.62,16.43,12.324,12.324,24.648,9.86,108.188,299.917,86.55
123076.jpg,542.25,500.9512289631492,41.29877103685078,1:4,1:4,1:6,1:2:4,375.713,33.313,133.253,26.65,7.409,29.635,5.93,7.932,47.59,6.35,4.759,9.518,19.036,3.81,53.413,219.996,42.73
123077.jpg,608.4375,601.7077311959897,6.729768804010291,1:6,1:3,1:5,1:1:2,451.281,28.581,171.487,22.86,11.124,33.371,8.9,11.115,55.574,8.89,10.003,10.003,20.007,8.0,60.823,270.435,48.66
123078.jpg,792.75,755.3224271681934,37.42757283180663,1:3,1:6,1:3,1:1:2,566.492,62.786,188.359,50.23,7.979,47.875,6.38,20.929,62.786,16.74,12.557,12.557,25.114,10.05,104.251,311.577,83.4
123079.jpg,505.125,522.9832823122114,17.858282312211372,1:3,1:3,1:3,1:1.5:3,392.237,43.473,130.419,34.78,9.668,29.005,7.73,14.491,43.473,11.59,6.323,9.485,18.97,5.06,73.955,212.382,59.16
123080.jpg,780.0,710.4465566783967,69.55344332160325,1:6,1:6,1:3,1:1.5:3,532.835,33.746,202.477,27.0,7.505,45.031,6.0,19.685,59.056,15.75,8.59,12.885,25.77,6.87,69.526,319.449,55.62
123081.jpg,786.75,757.7209898135116,29.02901018648845,1:6,1:6,1:6,1:1.5:3,568.291,35.992,215.95,28.79,8.005,48.027,6.4,11.997,71.983,9.6,9.162,13.742,27.485,7.33,65.156,349.702,52.12
123082.jpg,542.25,518.4751696224488,23.77483037755121,1:3,1:6,1:5,1:1:2,388.856,43.098,129.295,34.48,5.477,32.863,4.38,9.577,47.887,7.66,8.62,8.62,17.239,6.9,66.772,218.665,53.42
123083.jpg,690.75,632.8326104689152,57.91738953108484,1:3,1:6,1:3,1:1.5:3,474.624,52.604,157.813,42.08,6.685,40.111,5.35,17.535,52.604,14.03,7.652,11.477,22.955,6.12,84.476,262.005,67.58
123084.jpg,742.5,712.9166650097972,29.583334990202843,1:3,1:5,1:4,1:2:4,534.687,59.261,177.784,47.41,8.786,43.932,7.03,15.803,63.212,12.64,6.773,13.545,27.091,5.42,90.623,298.473,72.5
123085.jpg,792.75,753.7006277415176,39.04937225848244,1:3,1:5,1:4,1:2:4,565.275,62.651,187.954,50.12,9.289,46.446,7.43,16.707,66.828,13.37,7.16,14.32,28.641,5.73,95.807,315.548,76.65
123086.jpg,993.0,941.95467959683,51.04532040316985,1:3,1:6,1:3,1:2:4,706.466,78.3,234.9,62.64,9.951,59.705,7.96,26.1,78.3,20.88,8.949,17.897,35.794,7.16,123.3,390.802,98.64
123087.jpg,619.5,576.237682970311,43.26231702968903,1:6,1:4,1:6,1:1.5:3,432.178,27.371,164.228,21.9,8.522,34.089,6.82,9.124,54.743,7.3,6.967,10.451,20.902,5.57,51.984,263.511,41.59
123088.jpg,792.0,751.4321250869842,40.56787491301577,1:3,1:3,1:6,1:1:2,563.574,62.463,187.388,49.97,13.892,41.675,11.11,11.898,71.386,9.52,12.493,12.493,24.985,9.99,100.746,312.942,80.6
123089.jpg,792.0,760.8801736140889,31.119826385911097,1:8,1:5,1:3,1:2:4,570.66,28.11,224.882,22.49,9.378,46.888,7.5,21.083,63.248,16.87,7.228,14.457,28.913,5.78,65.799,349.475,52.64
123090.jpg,667.5,616.6729414897246,50.82705851027538,1:3,1:6,1:4,1:1:2,462.505,51.261,153.783,41.01,6.515,39.087,5.21,13.67,54.678,10.94,10.252,10.252,20.504,8.2,81.698,257.8,65.36
123091.jpg,1084.5,1017.8112632899596,66.68873671004053,1:6,1:5,1:4,1:1:2,763.358,48.346,290.076,38.68,12.544,62.721,10.04,22.561,90.246,18.05,16.921,16.921,33.842,13.54,100.372,459.964,80.3
123092.jpg,660.9750000000001,604.0854587524714,56.88954124752877,1:4,1:4,1:4,1:1.5:3,453.064,40.172,160.687,32.14,8.934,35.737,7.15,13.391,53.562,10.71,7.304,10.956,21.912,5.84,69.801,260.942,55.84
123093.jpg,837.75,798.3610443490172,39.38895565098278,1:3,1:5,1:3,1:1:2,598.771,66.364,199.091,53.09,9.84,49.198,7.87,22.121,66.364,17.7,13.273,13.273,26.546,10.62,111.598,327.926,89.28
123094.jpg,578.25,521.0838221137792,57.1661778862208,1:8,1:3,1:3,1:1:2,390.813,19.251,154.009,15.4,9.633,28.9,7.71,14.438,43.315,11.55,8.663,8.663,17.326,6.93,51.985,234.887,41.59
123095.jpg,524.25,470.4583581859082,53.79164181409181,1:3,1:6,1:3,1:2:4,352.844,39.107,117.321,31.29,4.97,29.82,3.98,13.036,39.107,10.43,4.469,8.939,17.877,3.58,61.582,195.187,49.27
123096.jpg,560.25,531.1985070758165,29.05149292418355,1:8,1:4,1:4,1:1:2,398.399,19.625,156.999,15.7,7.856,31.425,6.28,11.775,47.1,9.42,8.831,8.831,17.662,7.06,48.087,244.355,38.47
123097.jpg,855.75,774.070634515238,81.679365484762,1:3,1:5,1:5,1:1.5:3,580.553,64.345,193.034,51.48,9.54,47.701,7.63,14.299,71.494,11.44,9.359,14.039,28.078,7.49,97.543,326.268,78.03
123098.jpg,807.0,762.7203067341353,44.27969326586469,1:3,1:5,1:6,1:1:2,572.04,63.401,190.203,50.72,9.4,47.001,7.52,12.076,72.458,9.66,12.68,12.68,25.36,10.14,97.557,322.342,78.05
123099.jpg,922.5,881.4806776348737,41.0193223651263,1:3,1:4,1:3,1:1:2,661.111,73.273,219.819,58.62,13.037,52.147,10.43,24.424,73.273,19.54,14.655,14.655,29.309,11.72,125.389,359.894,100.31
123100.jpg,872.25,818.5661228709179,53.68387712908213,1:3,1:4,1:5,1:1:2,613.925,68.043,204.13,54.43,12.106,48.425,9.68,15.121,75.604,12.1,13.609,13.609,27.217,10.89,108.879,341.768,87.1
